{"0.14195159953499648":{"user_id":5},"0.3775153822282937":{"user_id":5},"0.6296385052978277":{"user_id":5}}